+34915273990,True,|('Europe/Madrid',)|,,Madrid
+34977403340,True,|('Europe/Madrid',)|,,Tarragona
+34954842499,True,|('Europe/Madrid',)|,,Seville
+34943563642,True,|('Europe/Madrid',)|,,Guipúzcoa
+34979463386,True,|('Europe/Madrid',)|,,Palencia
+34984495905,True,|('Europe/Madrid',)|,,Asturias
+34914460324,True,|('Europe/Madrid',)|,,Madrid
+34922298729,True,|('Atlantic/Canary',)|,,Tenerife
+34921966326,True,|('Europe/Madrid',)|,,Segovia
+34956744465,True,|('Europe/Madrid',)|,,Cádiz
+34963791520,True,|('Europe/Madrid',)|,,Valencia
+34963489691,True,|('Europe/Madrid',)|,,Valencia
+34971280271,True,|('Europe/Madrid',)|,,Balearic Islands
+34974947042,True,|('Europe/Madrid',)|,,Huesca
+34984880942,True,|('Europe/Madrid',)|,,Asturias
+34900622977,True,|('Atlantic/Canary', 'Europe/Madrid')|,,Spain
+34972298298,True,|('Europe/Madrid',)|,,Gerona
+34979051721,True,|('Europe/Madrid',)|,,Palencia
+34954304530,True,|('Europe/Madrid',)|,,Seville
+34942058416,True,|('Europe/Madrid',)|,,Cantabria
+34986792980,True,|('Europe/Madrid',)|,,Pontevedra
+34937315524,True,|('Europe/Madrid',)|,,Barcelona
+34979020396,True,|('Europe/Madrid',)|,,Palencia
+34901634180,True,|('Atlantic/Canary', 'Europe/Madrid')|,,Spain
+34969207199,True,|('Europe/Madrid',)|,,Cuenca
+34968221418,True,|('Europe/Madrid',)|,,Murcia
+34968992323,True,|('Europe/Madrid',)|,,Murcia
+34983097983,True,|('Europe/Madrid',)|,,Valladolid
+34961204757,True,|('Europe/Madrid',)|,,Valencia
+34966022994,True,|('Europe/Madrid',)|,,Alicante
+34920559332,True,|('Europe/Madrid',)|,,Ávila
+34964545663,True,|('Europe/Madrid',)|,,Castellón
+34937019177,True,|('Europe/Madrid',)|,,Barcelona
+34902776149,True,|('Atlantic/Canary', 'Europe/Madrid')|,,Spain
+34954929115,True,|('Europe/Madrid',)|,,Seville
+34955833720,True,|('Europe/Madrid',)|,,Seville
+34949354482,True,|('Europe/Madrid',)|,,Guadalajara
+34964653719,True,|('Europe/Madrid',)|,,Castellón
+34901932595,True,|('Atlantic/Canary', 'Europe/Madrid')|,,Spain
+34924486009,True,|('Europe/Madrid',)|,,Badajoz
+34923441405,True,|('Europe/Madrid',)|,,Salamanca
+34949745088,True,|('Europe/Madrid',)|,,Guadalajara
+34912969862,True,|('Europe/Madrid',)|,,Madrid
+34902714555,True,|('Atlantic/Canary', 'Europe/Madrid')|,,Spain
+34913343234,True,|('Europe/Madrid',)|,,Madrid
+34921787476,True,|('Europe/Madrid',)|,,Segovia
+34975936697,True,|('Europe/Madrid',)|,,Soria
+34912128320,True,|('Europe/Madrid',)|,,Madrid
+34987668354,True,|('Europe/Madrid',)|,,León
+34952968634,True,|('Europe/Madrid',)|,,Málaga
+34937699661,True,|('Europe/Madrid',)|,,Barcelona
+34978062546,True,|('Europe/Madrid',)|,,Teruel
+34926768889,True,|('Europe/Madrid',)|,,Ciudad Real
+34914327148,True,|('Europe/Madrid',)|,,Madrid
+34955897034,True,|('Europe/Madrid',)|,,Seville
+34947259627,True,|('Europe/Madrid',)|,,Burgos
+34928975611,True,|('Atlantic/Canary',)|,,Las Palmas
+34986433942,True,|('Europe/Madrid',)|,,Pontevedra
+34975787827,True,|('Europe/Madrid',)|,,Soria
+34920533859,True,|('Europe/Madrid',)|,,Ávila
+34901455532,True,|('Atlantic/Canary', 'Europe/Madrid')|,,Spain
+34984137666,True,|('Europe/Madrid',)|,,Asturias
+34938638997,True,|('Europe/Madrid',)|,,Barcelona
+34973709297,True,|('Europe/Madrid',)|,,Lleida
+34936789053,True,|('Europe/Madrid',)|,,Barcelona
+34931461695,True,|('Europe/Madrid',)|,,Barcelona
+34932431183,True,|('Europe/Madrid',)|,,Barcelona
+34952803628,True,|('Europe/Madrid',)|,,Málaga
+34987774134,True,|('Europe/Madrid',)|,,León
+34948174187,True,|('Europe/Madrid',)|,,Navarre
+34923976137,True,|('Europe/Madrid',)|,,Salamanca
+34917523766,True,|('Europe/Madrid',)|,,Madrid
+34956768043,True,|('Europe/Madrid',)|,,Cádiz
+34959335909,True,|('Europe/Madrid',)|,,Huelva
+34924170509,True,|('Europe/Madrid',)|,,Badajoz
+34923640023,True,|('Europe/Madrid',)|,,Salamanca
+34966515384,True,|('Europe/Madrid',)|,,Alicante
+34900063446,True,|('Atlantic/Canary', 'Europe/Madrid')|,,Spain
+34977375207,True,|('Europe/Madrid',)|,,Tarragona
+34921793484,True,|('Europe/Madrid',)|,,Segovia
+34951789973,True,|('Europe/Madrid',)|,,Málaga
+34934852865,True,|('Europe/Madrid',)|,,Barcelona
+34901466579,True,|('Atlantic/Canary', 'Europe/Madrid')|,,Spain
+34942583499,True,|('Europe/Madrid',)|,,Cantabria
+34917369626,True,|('Europe/Madrid',)|,,Madrid
+34984095829,True,|('Europe/Madrid',)|,,Asturias
+34918467861,True,|('Europe/Madrid',)|,,Madrid
+34926872737,True,|('Europe/Madrid',)|,,Ciudad Real
+34918871781,True,|('Europe/Madrid',)|,,Madrid
+34958909454,True,|('Europe/Madrid',)|,,Granada
+34915380287,True,|('Europe/Madrid',)|,,Madrid
+34936628261,True,|('Europe/Madrid',)|,,Barcelona
+34913096648,True,|('Europe/Madrid',)|,,Madrid
+34925483165,True,|('Europe/Madrid',)|,,Toledo
+34936712917,True,|('Europe/Madrid',)|,,Barcelona
+34931780079,True,|('Europe/Madrid',)|,,Barcelona
+34959349451,True,|('Europe/Madrid',)|,,Huelva
+34953277106,True,|('Europe/Madrid',)|,,Jaén
+34961379022,True,|('Europe/Madrid',)|,,Valencia
+34917946776,True,|('Europe/Madrid',)|,,Madrid
+34900945143,True,|('Atlantic/Canary', 'Europe/Madrid')|,,Spain
+34935400234,True,|('Europe/Madrid',)|,,Barcelona
+34955086120,True,|('Europe/Madrid',)|,,Seville
+34926713781,True,|('Europe/Madrid',)|,,Ciudad Real
+34933976141,True,|('Europe/Madrid',)|,,Barcelona
+34945869826,True,|('Europe/Madrid',)|,,Araba
+34900517983,True,|('Atlantic/Canary', 'Europe/Madrid')|,,Spain
+34978486956,True,|('Europe/Madrid',)|,,Teruel
+34954064306,True,|('Europe/Madrid',)|,,Seville
+34958524014,True,|('Europe/Madrid',)|,,Granada
+34988981707,True,|('Europe/Madrid',)|,,Ourense
+34927694604,True,|('Europe/Madrid',)|,,Cáceres
+34987974007,True,|('Europe/Madrid',)|,,León
+34955400180,True,|('Europe/Madrid',)|,,Seville
+34978536740,True,|('Europe/Madrid',)|,,Teruel
+34982044969,True,|('Europe/Madrid',)|,,Lugo
+34969908886,True,|('Europe/Madrid',)|,,Cuenca
+34958832922,True,|('Europe/Madrid',)|,,Granada
+34952500916,True,|('Europe/Madrid',)|,,Málaga
+34965301048,True,|('Europe/Madrid',)|,,Alicante
+34969181573,True,|('Europe/Madrid',)|,,Cuenca
+34952621159,True,|('Europe/Madrid',)|,,Málaga
+34945800130,True,|('Europe/Madrid',)|,,Araba
+34947431370,True,|('Europe/Madrid',)|,,Burgos
+34966104488,True,|('Europe/Madrid',)|,,Alicante
+34920971121,True,|('Europe/Madrid',)|,,Ávila
+34917723268,True,|('Europe/Madrid',)|,,Madrid
+34922527342,True,|('Atlantic/Canary',)|,,Tenerife
+34958786916,True,|('Europe/Madrid',)|,,Granada
+34943612653,True,|('Europe/Madrid',)|,,Guipúzcoa
+34932249092,True,|('Europe/Madrid',)|,,Barcelona
+34933383774,True,|('Europe/Madrid',)|,,Barcelona
+34957674612,True,|('Europe/Madrid',)|,,Cordova
+34969398648,True,|('Europe/Madrid',)|,,Cuenca
+34975340121,True,|('Europe/Madrid',)|,,Soria
+34918471362,True,|('Europe/Madrid',)|,,Madrid
+34980735413,True,|('Europe/Madrid',)|,,Zamora
+34936411983,True,|('Europe/Madrid',)|,,Barcelona
+34902623480,True,|('Atlantic/Canary', 'Europe/Madrid')|,,Spain
+34950805418,True,|('Europe/Madrid',)|,,Almería
+34979402128,True,|('Europe/Madrid',)|,,Palencia
+34915928704,True,|('Europe/Madrid',)|,,Madrid
+34922920069,True,|('Atlantic/Canary',)|,,Tenerife
+34912531211,True,|('Europe/Madrid',)|,,Madrid
+34922319207,True,|('Atlantic/Canary',)|,,Tenerife
+34924799648,True,|('Europe/Madrid',)|,,Badajoz
+34975144112,True,|('Europe/Madrid',)|,,Soria
+34936893909,True,|('Europe/Madrid',)|,,Barcelona
+34926774856,True,|('Europe/Madrid',)|,,Ciudad Real
+34980078715,True,|('Europe/Madrid',)|,,Zamora
+34921920269,True,|('Europe/Madrid',)|,,Segovia
+34919582827,True,|('Europe/Madrid',)|,,Madrid
+34918548098,True,|('Europe/Madrid',)|,,Madrid
+34947741959,True,|('Europe/Madrid',)|,,Burgos
+34911601827,True,|('Europe/Madrid',)|,,Madrid
+34967932133,True,|('Europe/Madrid',)|,,Albacete
+34974839590,True,|('Europe/Madrid',)|,,Huesca
+34934985506,True,|('Europe/Madrid',)|,,Barcelona
+34900469328,True,|('Atlantic/Canary', 'Europe/Madrid')|,,Spain
+34978924985,True,|('Europe/Madrid',)|,,Teruel
+34986930288,True,|('Europe/Madrid',)|,,Pontevedra
+34901755174,True,|('Atlantic/Canary', 'Europe/Madrid')|,,Spain
+34934322790,True,|('Europe/Madrid',)|,,Barcelona
+34979198115,True,|('Europe/Madrid',)|,,Palencia
+34973277114,True,|('Europe/Madrid',)|,,Lleida
+34972718581,True,|('Europe/Madrid',)|,,Gerona
+34920193758,True,|('Europe/Madrid',)|,,Ávila
+34987716367,True,|('Europe/Madrid',)|,,León
+34942655379,True,|('Europe/Madrid',)|,,Cantabria
+34966328565,True,|('Europe/Madrid',)|,,Alicante
+34961081671,True,|('Europe/Madrid',)|,,Valencia
+34951249416,True,|('Europe/Madrid',)|,,Málaga
+34961162110,True,|('Europe/Madrid',)|,,Valencia
+34938134593,True,|('Europe/Madrid',)|,,Barcelona
+34919073045,True,|('Europe/Madrid',)|,,Madrid
+34963180133,True,|('Europe/Madrid',)|,,Valencia
+34946229060,True,|('Europe/Madrid',)|,,Bizkaia
+34949267465,True,|('Europe/Madrid',)|,,Guadalajara
+34947551387,True,|('Europe/Madrid',)|,,Burgos
+34941806675,True,|('Europe/Madrid',)|,,La Rioja
+34914219137,True,|('Europe/Madrid',)|,,Madrid
+34936754254,True,|('Europe/Madrid',)|,,Barcelona
+34922385628,True,|('Atlantic/Canary',)|,,Tenerife
+34941054788,True,|('Europe/Madrid',)|,,La Rioja
+34928038973,True,|('Atlantic/Canary',)|,,Las Palmas
+34956913385,True,|('Europe/Madrid',)|,,Cádiz
+34973520654,True,|('Europe/Madrid',)|,,Lleida
+34952698716,True,|('Europe/Madrid',)|,,Málaga
+34976674262,True,|('Europe/Madrid',)|,,Zaragoza
+34933724203,True,|('Europe/Madrid',)|,,Barcelona
+34943326708,True,|('Europe/Madrid',)|,,Guipúzcoa
+34983204416,True,|('Europe/Madrid',)|,,Valladolid
+34930777026,True,|('Europe/Madrid',)|,,Barcelona
+34914827012,True,|('Europe/Madrid',)|,,Madrid
+34981331884,True,|('Europe/Madrid',)|,,La Coruña
+34974302793,True,|('Europe/Madrid',)|,,Huesca
+34942448645,True,|('Europe/Madrid',)|,,Cantabria
+34937173537,True,|('Europe/Madrid',)|,,Barcelona
+34958273040,True,|('Europe/Madrid',)|,,Granada
+34920631478,True,|('Europe/Madrid',)|,,Ávila
+34973725816,True,|('Europe/Madrid',)|,,Lleida
+34960141034,True,|('Europe/Madrid',)|,,Valencia
+34977314332,True,|('Europe/Madrid',)|,,Tarragona
+34975734317,True,|('Europe/Madrid',)|,,Soria
+34915522125,True,|('Europe/Madrid',)|,,Madrid
+34935292599,True,|('Europe/Madrid',)|,,Barcelona
+34916166277,True,|('Europe/Madrid',)|,,Madrid
+34900902861,True,|('Atlantic/Canary', 'Europe/Madrid')|,,Spain
+34941208116,True,|('Europe/Madrid',)|,,La Rioja
+34971175207,True,|('Europe/Madrid',)|,,Balearic Islands
+34945424952,True,|('Europe/Madrid',)|,,Araba
+34987446656,True,|('Europe/Madrid',)|,,León
+34961148253,True,|('Europe/Madrid',)|,,Valencia
+34988457478,True,|('Europe/Madrid',)|,,Ourense
+34917873259,True,|('Europe/Madrid',)|,,Madrid
+34942392934,True,|('Europe/Madrid',)|,,Cantabria
+34943857111,True,|('Europe/Madrid',)|,,Guipúzcoa
+34952021076,True,|('Europe/Madrid',)|,,Málaga
+34900540816,True,|('Atlantic/Canary', 'Europe/Madrid')|,,Spain
+34956013625,True,|('Europe/Madrid',)|,,Cádiz
+34928461488,True,|('Atlantic/Canary',)|,,Las Palmas
+34933013095,True,|('Europe/Madrid',)|,,Barcelona
+34914135821,True,|('Europe/Madrid',)|,,Madrid
+34955459177,True,|('Europe/Madrid',)|,,Seville
+34930982252,True,|('Europe/Madrid',)|,,Barcelona
+34911593402,True,|('Europe/Madrid',)|,,Madrid
+34958813416,True,|('Europe/Madrid',)|,,Granada
+34918221534,True,|('Europe/Madrid',)|,,Madrid
+34946577919,True,|('Europe/Madrid',)|,,Bizkaia
+34956325754,True,|('Europe/Madrid',)|,,Cádiz
+34902764643,True,|('Atlantic/Canary', 'Europe/Madrid')|,,Spain
+34961456095,True,|('Europe/Madrid',)|,,Valencia
+34923332762,True,|('Europe/Madrid',)|,,Salamanca
+34914835165,True,|('Europe/Madrid',)|,,Madrid
+34921844208,True,|('Europe/Madrid',)|,,Segovia
+34931485907,True,|('Europe/Madrid',)|,,Barcelona
+34914083772,True,|('Europe/Madrid',)|,,Madrid
+34915009678,True,|('Europe/Madrid',)|,,Madrid
+34947486140,True,|('Europe/Madrid',)|,,Burgos
+34925430932,True,|('Europe/Madrid',)|,,Toledo
+34988729093,True,|('Europe/Madrid',)|,,Ourense
+34919383352,True,|('Europe/Madrid',)|,,Madrid
+34941180851,True,|('Europe/Madrid',)|,,La Rioja
+34924519747,True,|('Europe/Madrid',)|,,Badajoz
+34974234929,True,|('Europe/Madrid',)|,,Huesca
+34946474387,True,|('Europe/Madrid',)|,,Bizkaia
+34920186365,True,|('Europe/Madrid',)|,,Ávila
+34980765917,True,|('Europe/Madrid',)|,,Zamora
+34976448504,True,|('Europe/Madrid',)|,,Zaragoza
+34917389591,True,|('Europe/Madrid',)|,,Madrid
+34976564892,True,|('Europe/Madrid',)|,,Zaragoza
+34915108294,True,|('Europe/Madrid',)|,,Madrid
+34978876178,True,|('Europe/Madrid',)|,,Teruel
+34914866690,True,|('Europe/Madrid',)|,,Madrid
+34956596432,True,|('Europe/Madrid',)|,,Cádiz
+34927589288,True,|('Europe/Madrid',)|,,Cáceres
+34948856641,True,|('Europe/Madrid',)|,,Navarre
+34917541169,True,|('Europe/Madrid',)|,,Madrid
+34944323963,True,|('Europe/Madrid',)|,,Bizkaia
+34938414267,True,|('Europe/Madrid',)|,,Barcelona
+34912772926,True,|('Europe/Madrid',)|,,Madrid
+34933561200,True,|('Europe/Madrid',)|,,Barcelona
+34938515048,True,|('Europe/Madrid',)|,,Barcelona
+34958075135,True,|('Europe/Madrid',)|,,Granada
+34956442963,True,|('Europe/Madrid',)|,,Cádiz
+34983244868,True,|('Europe/Madrid',)|,,Valladolid
+34955654185,True,|('Europe/Madrid',)|,,Seville
+34969439959,True,|('Europe/Madrid',)|,,Cuenca
+34948133043,True,|('Europe/Madrid',)|,,Navarre
+34900736908,True,|('Atlantic/Canary', 'Europe/Madrid')|,,Spain
+34956118136,True,|('Europe/Madrid',)|,,Cádiz
+34976535493,True,|('Europe/Madrid',)|,,Zaragoza
+34901001678,True,|('Atlantic/Canary', 'Europe/Madrid')|,,Spain
+34931583663,True,|('Europe/Madrid',)|,,Barcelona
+34923142120,True,|('Europe/Madrid',)|,,Salamanca
+34930119327,True,|('Europe/Madrid',)|,,Barcelona
+34957403417,True,|('Europe/Madrid',)|,,Cordova
+34954482566,True,|('Europe/Madrid',)|,,Seville
+34902406764,True,|('Atlantic/Canary', 'Europe/Madrid')|,,Spain
+34926290087,True,|('Europe/Madrid',)|,,Ciudad Real
+34976048620,True,|('Europe/Madrid',)|,,Zaragoza
+34924399537,True,|('Europe/Madrid',)|,,Badajoz
+34976660532,True,|('Europe/Madrid',)|,,Zaragoza
+34935172236,True,|('Europe/Madrid',)|,,Barcelona
+34912628476,True,|('Europe/Madrid',)|,,Madrid
+34960775096,True,|('Europe/Madrid',)|,,Valencia
+34932393737,True,|('Europe/Madrid',)|,,Barcelona
+34983188153,True,|('Europe/Madrid',)|,,Valladolid
+34919736786,True,|('Europe/Madrid',)|,,Madrid
+34901186318,True,|('Atlantic/Canary', 'Europe/Madrid')|,,Spain
+34985904463,True,|('Europe/Madrid',)|,,Asturias
+34969677888,True,|('Europe/Madrid',)|,,Cuenca
+34915502621,True,|('Europe/Madrid',)|,,Madrid
+34985076096,True,|('Europe/Madrid',)|,,Asturias
+34961647997,True,|('Europe/Madrid',)|,,Valencia
+34932622787,True,|('Europe/Madrid',)|,,Barcelona
+34901821401,True,|('Atlantic/Canary', 'Europe/Madrid')|,,Spain
+34967126671,True,|('Europe/Madrid',)|,,Albacete
+34901226825,True,|('Atlantic/Canary', 'Europe/Madrid')|,,Spain
+34971232750,True,|('Europe/Madrid',)|,,Balearic Islands
+34900541442,True,|('Atlantic/Canary', 'Europe/Madrid')|,,Spain
+34917359881,True,|('Europe/Madrid',)|,,Madrid
+34938215040,True,|('Europe/Madrid',)|,,Barcelona
+34937529700,True,|('Europe/Madrid',)|,,Barcelona
+34984714624,True,|('Europe/Madrid',)|,,Asturias
+34957390855,True,|('Europe/Madrid',)|,,Cordova
+34923037921,True,|('Europe/Madrid',)|,,Salamanca
+34962125772,True,|('Europe/Madrid',)|,,Valencia
+34938271772,True,|('Europe/Madrid',)|,,Barcelona
+34919147073,True,|('Europe/Madrid',)|,,Madrid
+34983299866,True,|('Europe/Madrid',)|,,Valladolid
+34921071746,True,|('Europe/Madrid',)|,,Segovia
+34922313988,True,|('Atlantic/Canary',)|,,Tenerife
+34977383418,True,|('Europe/Madrid',)|,,Tarragona
+34901336857,True,|('Atlantic/Canary', 'Europe/Madrid')|,,Spain
+34900011741,True,|('Atlantic/Canary', 'Europe/Madrid')|,,Spain
+34987363120,True,|('Europe/Madrid',)|,,León
+34902494807,True,|('Atlantic/Canary', 'Europe/Madrid')|,,Spain
+34946052274,True,|('Europe/Madrid',)|,,Bizkaia
+34944742476,True,|('Europe/Madrid',)|,,Bizkaia
+34933774265,True,|('Europe/Madrid',)|,,Barcelona
+34932519394,True,|('Europe/Madrid',)|,,Barcelona
+34961156127,True,|('Europe/Madrid',)|,,Valencia
+34932737499,True,|('Europe/Madrid',)|,,Barcelona
+34965434619,True,|('Europe/Madrid',)|,,Alicante
+34933788614,True,|('Europe/Madrid',)|,,Barcelona
+34975831540,True,|('Europe/Madrid',)|,,Soria
+34981489582,True,|('Europe/Madrid',)|,,La Coruña
+34984976783,True,|('Europe/Madrid',)|,,Asturias
+34917940212,True,|('Europe/Madrid',)|,,Madrid
+34979610915,True,|('Europe/Madrid',)|,,Palencia
+34915548363,True,|('Europe/Madrid',)|,,Madrid
+34951654000,True,|('Europe/Madrid',)|,,Málaga
+34917100686,True,|('Europe/Madrid',)|,,Madrid
+34974817097,True,|('Europe/Madrid',)|,,Huesca
+34956766317,True,|('Europe/Madrid',)|,,Cádiz
+34986125223,True,|('Europe/Madrid',)|,,Pontevedra
+34910316576,True,|('Europe/Madrid',)|,,Madrid
+34944278189,True,|('Europe/Madrid',)|,,Bizkaia
+34932611778,True,|('Europe/Madrid',)|,,Barcelona
+34937758079,True,|('Europe/Madrid',)|,,Barcelona
+34911990987,True,|('Europe/Madrid',)|,,Madrid
+34926371528,True,|('Europe/Madrid',)|,,Ciudad Real
+34916657957,True,|('Europe/Madrid',)|,,Madrid
+34961039224,True,|('Europe/Madrid',)|,,Valencia
+34965731758,True,|('Europe/Madrid',)|,,Alicante
+34980077815,True,|('Europe/Madrid',)|,,Zamora
+34975076568,True,|('Europe/Madrid',)|,,Soria
+34971687440,True,|('Europe/Madrid',)|,,Balearic Islands
+34928133940,True,|('Atlantic/Canary',)|,,Las Palmas
+34921129462,True,|('Europe/Madrid',)|,,Segovia
+34987671884,True,|('Europe/Madrid',)|,,León
+34962710705,True,|('Europe/Madrid',)|,,Valencia
+34936383358,True,|('Europe/Madrid',)|,,Barcelona
+34917104633,True,|('Europe/Madrid',)|,,Madrid
+34965665427,True,|('Europe/Madrid',)|,,Alicante
+34983144675,True,|('Europe/Madrid',)|,,Valladolid
+34916310865,True,|('Europe/Madrid',)|,,Madrid
+34916228464,True,|('Europe/Madrid',)|,,Madrid
+34930203294,True,|('Europe/Madrid',)|,,Barcelona
+34974978452,True,|('Europe/Madrid',)|,,Huesca
+34956680009,True,|('Europe/Madrid',)|,,Cádiz
+34985232816,True,|('Europe/Madrid',)|,,Asturias
+34954519409,True,|('Europe/Madrid',)|,,Seville
+34985088610,True,|('Europe/Madrid',)|,,Asturias
+34911100905,True,|('Europe/Madrid',)|,,Madrid
+34902393091,True,|('Atlantic/Canary', 'Europe/Madrid')|,,Spain
+34985671280,True,|('Europe/Madrid',)|,,Asturias
+34914380452,True,|('Europe/Madrid',)|,,Madrid
+34968218917,True,|('Europe/Madrid',)|,,Murcia
+34941279230,True,|('Europe/Madrid',)|,,La Rioja
+34927502577,True,|('Europe/Madrid',)|,,Cáceres
+34969279931,True,|('Europe/Madrid',)|,,Cuenca
+34953593334,True,|('Europe/Madrid',)|,,Jaén
+34983458851,True,|('Europe/Madrid',)|,,Valladolid
+34926983456,True,|('Europe/Madrid',)|,,Ciudad Real
+34915246053,True,|('Europe/Madrid',)|,,Madrid
+34936202912,True,|('Europe/Madrid',)|,,Barcelona
+34950657706,True,|('Europe/Madrid',)|,,Almería
+34971191346,True,|('Europe/Madrid',)|,,Balearic Islands
+34928441167,True,|('Atlantic/Canary',)|,,Las Palmas
+34962103724,True,|('Europe/Madrid',)|,,Valencia
+34950699448,True,|('Europe/Madrid',)|,,Almería
+34965271571,True,|('Europe/Madrid',)|,,Alicante
+34944719379,True,|('Europe/Madrid',)|,,Bizkaia
+34930178243,True,|('Europe/Madrid',)|,,Barcelona
+34968658029,True,|('Europe/Madrid',)|,,Murcia
+34928667831,True,|('Atlantic/Canary',)|,,Las Palmas
+34902817178,True,|('Atlantic/Canary', 'Europe/Madrid')|,,Spain
+34943785607,True,|('Europe/Madrid',)|,,Guipúzcoa
+34975215132,True,|('Europe/Madrid',)|,,Soria
+34953425212,True,|('Europe/Madrid',)|,,Jaén
+34943227923,True,|('Europe/Madrid',)|,,Guipúzcoa
+34988564171,True,|('Europe/Madrid',)|,,Ourense
+34938942802,True,|('Europe/Madrid',)|,,Barcelona
+34919310885,True,|('Europe/Madrid',)|,,Madrid
+34930987731,True,|('Europe/Madrid',)|,,Barcelona
+34913782863,True,|('Europe/Madrid',)|,,Madrid
+34922714555,True,|('Atlantic/Canary',)|,,Tenerife
+34959444938,True,|('Europe/Madrid',)|,,Huelva
+34934476520,True,|('Europe/Madrid',)|,,Barcelona
+34931927465,True,|('Europe/Madrid',)|,,Barcelona
+34983015912,True,|('Europe/Madrid',)|,,Valladolid
+34948317460,True,|('Europe/Madrid',)|,,Navarre
+34988458244,True,|('Europe/Madrid',)|,,Ourense
+34949933383,True,|('Europe/Madrid',)|,,Guadalajara
+34928676506,True,|('Atlantic/Canary',)|,,Las Palmas
+34941526198,True,|('Europe/Madrid',)|,,La Rioja
+34935564229,True,|('Europe/Madrid',)|,,Barcelona
+34975557572,True,|('Europe/Madrid',)|,,Soria
+34916431339,True,|('Europe/Madrid',)|,,Madrid
+34971381530,True,|('Europe/Madrid',)|,,Balearic Islands
+34956517574,True,|('Europe/Madrid',)|,,Cádiz
+34901306750,True,|('Atlantic/Canary', 'Europe/Madrid')|,,Spain
+34918379644,True,|('Europe/Madrid',)|,,Madrid
+34981962650,True,|('Europe/Madrid',)|,,La Coruña
+34983547868,True,|('Europe/Madrid',)|,,Valladolid
+34925967644,True,|('Europe/Madrid',)|,,Toledo
+34965683813,True,|('Europe/Madrid',)|,,Alicante
+34928064705,True,|('Atlantic/Canary',)|,,Las Palmas
+34930138041,True,|('Europe/Madrid',)|,,Barcelona
+34988772673,True,|('Europe/Madrid',)|,,Ourense
+34931985178,True,|('Europe/Madrid',)|,,Barcelona
+34947464924,True,|('Europe/Madrid',)|,,Burgos
+34913444696,True,|('Europe/Madrid',)|,,Madrid
+34986430199,True,|('Europe/Madrid',)|,,Pontevedra
+34901094289,True,|('Atlantic/Canary', 'Europe/Madrid')|,,Spain
+34954336697,True,|('Europe/Madrid',)|,,Seville
+34918783317,True,|('Europe/Madrid',)|,,Madrid
+34949829365,True,|('Europe/Madrid',)|,,Guadalajara
+34919883253,True,|('Europe/Madrid',)|,,Madrid
+34900447827,True,|('Atlantic/Canary', 'Europe/Madrid')|,,Spain
+34917934052,True,|('Europe/Madrid',)|,,Madrid
+34920622507,True,|('Europe/Madrid',)|,,Ávila
+34916579095,True,|('Europe/Madrid',)|,,Madrid
+34980235193,True,|('Europe/Madrid',)|,,Zamora
+34950340531,True,|('Europe/Madrid',)|,,Almería
+34964337542,True,|('Europe/Madrid',)|,,Castellón
+34902786560,True,|('Atlantic/Canary', 'Europe/Madrid')|,,Spain
+34962074811,True,|('Europe/Madrid',)|,,Valencia
+34974410860,True,|('Europe/Madrid',)|,,Huesca
+34902925246,True,|('Atlantic/Canary', 'Europe/Madrid')|,,Spain
+34965483414,True,|('Europe/Madrid',)|,,Alicante
+34938848442,True,|('Europe/Madrid',)|,,Barcelona
+34987260247,True,|('Europe/Madrid',)|,,León
+34963741166,True,|('Europe/Madrid',)|,,Valencia
+34952293009,True,|('Europe/Madrid',)|,,Málaga
+34982793943,True,|('Europe/Madrid',)|,,Lugo
+34947472467,True,|('Europe/Madrid',)|,,Burgos
+34958273433,True,|('Europe/Madrid',)|,,Granada
+34944625711,True,|('Europe/Madrid',)|,,Bizkaia
+34962417697,True,|('Europe/Madrid',)|,,Valencia
+34948001467,True,|('Europe/Madrid',)|,,Navarre
+34982606065,True,|('Europe/Madrid',)|,,Lugo
+34941646673,True,|('Europe/Madrid',)|,,La Rioja
+34923306511,True,|('Europe/Madrid',)|,,Salamanca
+34950255421,True,|('Europe/Madrid',)|,,Almería
+34984559839,True,|('Europe/Madrid',)|,,Asturias
+34920607099,True,|('Europe/Madrid',)|,,Ávila
+34921183089,True,|('Europe/Madrid',)|,,Segovia
+34933007432,True,|('Europe/Madrid',)|,,Barcelona
+34947593001,True,|('Europe/Madrid',)|,,Burgos
+34969835588,True,|('Europe/Madrid',)|,,Cuenca
+34901416170,True,|('Atlantic/Canary', 'Europe/Madrid')|,,Spain
+34944320739,True,|('Europe/Madrid',)|,,Bizkaia
+34988012383,True,|('Europe/Madrid',)|,,Ourense
+34926583575,True,|('Europe/Madrid',)|,,Ciudad Real
+34954034038,True,|('Europe/Madrid',)|,,Seville
+34927645429,True,|('Europe/Madrid',)|,,Cáceres
+34936430115,True,|('Europe/Madrid',)|,,Barcelona
+34918685794,True,|('Europe/Madrid',)|,,Madrid
+34978237314,True,|('Europe/Madrid',)|,,Teruel
+34984434699,True,|('Europe/Madrid',)|,,Asturias
+34921727783,True,|('Europe/Madrid',)|,,Segovia
+34958640107,True,|('Europe/Madrid',)|,,Granada
+34955548148,True,|('Europe/Madrid',)|,,Seville
+34979386656,True,|('Europe/Madrid',)|,,Palencia
+34923995632,True,|('Europe/Madrid',)|,,Salamanca
+34902135466,True,|('Atlantic/Canary', 'Europe/Madrid')|,,Spain
+34951755252,True,|('Europe/Madrid',)|,,Málaga
+34923657510,True,|('Europe/Madrid',)|,,Salamanca
+34949276556,True,|('Europe/Madrid',)|,,Guadalajara
+34941891550,True,|('Europe/Madrid',)|,,La Rioja
+34967095117,True,|('Europe/Madrid',)|,,Albacete
+34934328719,True,|('Europe/Madrid',)|,,Barcelona
+34935045803,True,|('Europe/Madrid',)|,,Barcelona
+34984509587,True,|('Europe/Madrid',)|,,Asturias
+34980998341,True,|('Europe/Madrid',)|,,Zamora
+34985188679,True,|('Europe/Madrid',)|,,Asturias
+34902831517,True,|('Atlantic/Canary', 'Europe/Madrid')|,,Spain
+34947889856,True,|('Europe/Madrid',)|,,Burgos
+34939503229,True,|('Europe/Madrid',)|,,Barcelona
+34969070769,True,|('Europe/Madrid',)|,,Cuenca
+34984461153,True,|('Europe/Madrid',)|,,Asturias
+34924413462,True,|('Europe/Madrid',)|,,Badajoz
+34955102171,True,|('Europe/Madrid',)|,,Seville
+34916298844,True,|('Europe/Madrid',)|,,Madrid
+34914966161,True,|('Europe/Madrid',)|,,Madrid
+34973313175,True,|('Europe/Madrid',)|,,Lleida
+34934771105,True,|('Europe/Madrid',)|,,Barcelona
+34973362261,True,|('Europe/Madrid',)|,,Lleida
+34911248906,True,|('Europe/Madrid',)|,,Madrid
+34985004068,True,|('Europe/Madrid',)|,,Asturias
+34918835212,True,|('Europe/Madrid',)|,,Madrid
+34951360236,True,|('Europe/Madrid',)|,,Málaga
+34934050120,True,|('Europe/Madrid',)|,,Barcelona
+34901941954,True,|('Atlantic/Canary', 'Europe/Madrid')|,,Spain
+34978601457,True,|('Europe/Madrid',)|,,Teruel
+34964195948,True,|('Europe/Madrid',)|,,Castellón
+34980232157,True,|('Europe/Madrid',)|,,Zamora
+34972356314,True,|('Europe/Madrid',)|,,Gerona
+34967404057,True,|('Europe/Madrid',)|,,Albacete
+34914531448,True,|('Europe/Madrid',)|,,Madrid
+34965062937,True,|('Europe/Madrid',)|,,Alicante
+34943461921,True,|('Europe/Madrid',)|,,Guipúzcoa
+34910507530,True,|('Europe/Madrid',)|,,Madrid
+34946498349,True,|('Europe/Madrid',)|,,Bizkaia
+34962277480,True,|('Europe/Madrid',)|,,Valencia
+34962391013,True,|('Europe/Madrid',)|,,Valencia
+34988905213,True,|('Europe/Madrid',)|,,Ourense
+34949126454,True,|('Europe/Madrid',)|,,Guadalajara
+34983184422,True,|('Europe/Madrid',)|,,Valladolid
+34960756473,True,|('Europe/Madrid',)|,,Valencia
+34955289577,True,|('Europe/Madrid',)|,,Seville
+34943272364,True,|('Europe/Madrid',)|,,Guipúzcoa
+34923219531,True,|('Europe/Madrid',)|,,Salamanca
+34967538278,True,|('Europe/Madrid',)|,,Albacete
+34988072816,True,|('Europe/Madrid',)|,,Ourense
+34936614915,True,|('Europe/Madrid',)|,,Barcelona
+34960017269,True,|('Europe/Madrid',)|,,Valencia
+34937874287,True,|('Europe/Madrid',)|,,Barcelona
+34923005512,True,|('Europe/Madrid',)|,,Salamanca
+34983478727,True,|('Europe/Madrid',)|,,Valladolid
+34986881387,True,|('Europe/Madrid',)|,,Pontevedra
+34986410411,True,|('Europe/Madrid',)|,,Pontevedra
+34960703732,True,|('Europe/Madrid',)|,,Valencia
+34931508986,True,|('Europe/Madrid',)|,,Barcelona
+34987614398,True,|('Europe/Madrid',)|,,León
+34915764893,True,|('Europe/Madrid',)|,,Madrid
+34984319354,True,|('Europe/Madrid',)|,,Asturias
+34954007090,True,|('Europe/Madrid',)|,,Seville
+34959951578,True,|('Europe/Madrid',)|,,Huelva
+34950514956,True,|('Europe/Madrid',)|,,Almería
+34983430321,True,|('Europe/Madrid',)|,,Valladolid
+34948427013,True,|('Europe/Madrid',)|,,Navarre
+34926766442,True,|('Europe/Madrid',)|,,Ciudad Real
+34976499372,True,|('Europe/Madrid',)|,,Zaragoza
+34949693674,True,|('Europe/Madrid',)|,,Guadalajara
+34943095226,True,|('Europe/Madrid',)|,,Guipúzcoa
+34925191405,True,|('Europe/Madrid',)|,,Toledo
+34921860269,True,|('Europe/Madrid',)|,,Segovia
+34928991587,True,|('Atlantic/Canary',)|,,Las Palmas
+34968841888,True,|('Europe/Madrid',)|,,Murcia
+34934924755,True,|('Europe/Madrid',)|,,Barcelona
+34953418474,True,|('Europe/Madrid',)|,,Jaén
+34983873123,True,|('Europe/Madrid',)|,,Valladolid
+34912999491,True,|('Europe/Madrid',)|,,Madrid
+34975942977,True,|('Europe/Madrid',)|,,Soria
+34924723221,True,|('Europe/Madrid',)|,,Badajoz
+34978452122,True,|('Europe/Madrid',)|,,Teruel
+34959306920,True,|('Europe/Madrid',)|,,Huelva
+34950234952,True,|('Europe/Madrid',)|,,Almería
+34948790170,True,|('Europe/Madrid',)|,,Navarre
+34966165857,True,|('Europe/Madrid',)|,,Alicante
+34919374902,True,|('Europe/Madrid',)|,,Madrid
+34953492710,True,|('Europe/Madrid',)|,,Jaén
+34952660544,True,|('Europe/Madrid',)|,,Málaga
+34920409018,True,|('Europe/Madrid',)|,,Ávila
+34974428474,True,|('Europe/Madrid',)|,,Huesca
+34930189094,True,|('Europe/Madrid',)|,,Barcelona
+34971825812,True,|('Europe/Madrid',)|,,Balearic Islands
+34959848053,True,|('Europe/Madrid',)|,,Huelva
+34959625015,True,|('Europe/Madrid',)|,,Huelva
+34946096113,True,|('Europe/Madrid',)|,,Bizkaia
+34957005090,True,|('Europe/Madrid',)|,,Cordova
+34980494201,True,|('Europe/Madrid',)|,,Zamora
+34936384279,True,|('Europe/Madrid',)|,,Barcelona
+34902107444,True,|('Atlantic/Canary', 'Europe/Madrid')|,,Spain
+34971430264,True,|('Europe/Madrid',)|,,Balearic Islands
+34975708443,True,|('Europe/Madrid',)|,,Soria
+34939450840,True,|('Europe/Madrid',)|,,Barcelona
+34976339625,True,|('Europe/Madrid',)|,,Zaragoza
+34943308849,True,|('Europe/Madrid',)|,,Guipúzcoa
+34966856973,True,|('Europe/Madrid',)|,,Alicante
+34945662972,True,|('Europe/Madrid',)|,,Araba
+34901561155,True,|('Atlantic/Canary', 'Europe/Madrid')|,,Spain
+34919855000,True,|('Europe/Madrid',)|,,Madrid
+34915390392,True,|('Europe/Madrid',)|,,Madrid
+34980479693,True,|('Europe/Madrid',)|,,Zamora
+34979555564,True,|('Europe/Madrid',)|,,Palencia
+34922616458,True,|('Atlantic/Canary',)|,,Tenerife
+34957413791,True,|('Europe/Madrid',)|,,Cordova
+34916934572,True,|('Europe/Madrid',)|,,Madrid
+34930943132,True,|('Europe/Madrid',)|,,Barcelona
+34962854356,True,|('Europe/Madrid',)|,,Valencia
+34978161231,True,|('Europe/Madrid',)|,,Teruel
+34960992994,True,|('Europe/Madrid',)|,,Valencia
+34918969904,True,|('Europe/Madrid',)|,,Madrid
+34902944304,True,|('Atlantic/Canary', 'Europe/Madrid')|,,Spain
+34952790496,True,|('Europe/Madrid',)|,,Málaga
+34926275463,True,|('Europe/Madrid',)|,,Ciudad Real
+34961126814,True,|('Europe/Madrid',)|,,Valencia
+34944321497,True,|('Europe/Madrid',)|,,Bizkaia
+34916822608,True,|('Europe/Madrid',)|,,Madrid
+34912358724,True,|('Europe/Madrid',)|,,Madrid
+34943159208,True,|('Europe/Madrid',)|,,Guipúzcoa
+34983138336,True,|('Europe/Madrid',)|,,Valladolid
+34962667300,True,|('Europe/Madrid',)|,,Valencia
+34984416839,True,|('Europe/Madrid',)|,,Asturias
+34943337384,True,|('Europe/Madrid',)|,,Guipúzcoa
+34966739143,True,|('Europe/Madrid',)|,,Alicante
+34978276302,True,|('Europe/Madrid',)|,,Teruel
+34983161007,True,|('Europe/Madrid',)|,,Valladolid
+34966134603,True,|('Europe/Madrid',)|,,Alicante
+34950902325,True,|('Europe/Madrid',)|,,Almería
+34912530487,True,|('Europe/Madrid',)|,,Madrid
+34962161048,True,|('Europe/Madrid',)|,,Valencia
+34946037326,True,|('Europe/Madrid',)|,,Bizkaia
+34987867018,True,|('Europe/Madrid',)|,,León
+34967239193,True,|('Europe/Madrid',)|,,Albacete
+34915148486,True,|('Europe/Madrid',)|,,Madrid
+34963653796,True,|('Europe/Madrid',)|,,Valencia
+34947517431,True,|('Europe/Madrid',)|,,Burgos
+34974185354,True,|('Europe/Madrid',)|,,Huesca
+34936482425,True,|('Europe/Madrid',)|,,Barcelona
+34917514846,True,|('Europe/Madrid',)|,,Madrid
+34978698272,True,|('Europe/Madrid',)|,,Teruel
+34911932056,True,|('Europe/Madrid',)|,,Madrid
+34930499380,True,|('Europe/Madrid',)|,,Barcelona
+34982726218,True,|('Europe/Madrid',)|,,Lugo
+34948944498,True,|('Europe/Madrid',)|,,Navarre
+34963817750,True,|('Europe/Madrid',)|,,Valencia
+34915325578,True,|('Europe/Madrid',)|,,Madrid
+34979490174,True,|('Europe/Madrid',)|,,Palencia
+34923583801,True,|('Europe/Madrid',)|,,Salamanca
+34973409600,True,|('Europe/Madrid',)|,,Lleida
+34920661427,True,|('Europe/Madrid',)|,,Ávila
+34917902508,True,|('Europe/Madrid',)|,,Madrid
+34919338235,True,|('Europe/Madrid',)|,,Madrid
+34967856809,True,|('Europe/Madrid',)|,,Albacete
+34916778362,True,|('Europe/Madrid',)|,,Madrid
+34948438594,True,|('Europe/Madrid',)|,,Navarre
+34917347935,True,|('Europe/Madrid',)|,,Madrid
+34912623986,True,|('Europe/Madrid',)|,,Madrid
+34933211081,True,|('Europe/Madrid',)|,,Barcelona
+34902754222,True,|('Atlantic/Canary', 'Europe/Madrid')|,,Spain
+34987371486,True,|('Europe/Madrid',)|,,León
+34948645523,True,|('Europe/Madrid',)|,,Navarre
+34927734224,True,|('Europe/Madrid',)|,,Cáceres
+34943827272,True,|('Europe/Madrid',)|,,Guipúzcoa
+34961483605,True,|('Europe/Madrid',)|,,Valencia
+34954350419,True,|('Europe/Madrid',)|,,Seville
+34979439678,True,|('Europe/Madrid',)|,,Palencia
+34976493102,True,|('Europe/Madrid',)|,,Zaragoza
+34912717551,True,|('Europe/Madrid',)|,,Madrid
+34987250694,True,|('Europe/Madrid',)|,,León
+34902166866,True,|('Atlantic/Canary', 'Europe/Madrid')|,,Spain
+34943466429,True,|('Europe/Madrid',)|,,Guipúzcoa
+34937092515,True,|('Europe/Madrid',)|,,Barcelona
+34902321197,True,|('Atlantic/Canary', 'Europe/Madrid')|,,Spain
+34964056793,True,|('Europe/Madrid',)|,,Castellón
+34980090394,True,|('Europe/Madrid',)|,,Zamora
+34975039858,True,|('Europe/Madrid',)|,,Soria
+34921635749,True,|('Europe/Madrid',)|,,Segovia
+34957167965,True,|('Europe/Madrid',)|,,Cordova
+34935860924,True,|('Europe/Madrid',)|,,Barcelona
+34986396887,True,|('Europe/Madrid',)|,,Pontevedra
+34973951497,True,|('Europe/Madrid',)|,,Lleida
+34917949703,True,|('Europe/Madrid',)|,,Madrid
+34935416873,True,|('Europe/Madrid',)|,,Barcelona
+34980699916,True,|('Europe/Madrid',)|,,Zamora
+34944034369,True,|('Europe/Madrid',)|,,Bizkaia
+34983572541,True,|('Europe/Madrid',)|,,Valladolid
+34975738451,True,|('Europe/Madrid',)|,,Soria
+34936860491,True,|('Europe/Madrid',)|,,Barcelona
+34957681798,True,|('Europe/Madrid',)|,,Cordova
+34916592888,True,|('Europe/Madrid',)|,,Madrid
+34976668073,True,|('Europe/Madrid',)|,,Zaragoza
+34969562399,True,|('Europe/Madrid',)|,,Cuenca
+34975332459,True,|('Europe/Madrid',)|,,Soria
+34952074754,True,|('Europe/Madrid',)|,,Málaga
+34949533224,True,|('Europe/Madrid',)|,,Guadalajara
+34985466899,True,|('Europe/Madrid',)|,,Asturias
+34914691413,True,|('Europe/Madrid',)|,,Madrid
+34988725873,True,|('Europe/Madrid',)|,,Ourense
+34951134953,True,|('Europe/Madrid',)|,,Málaga
+34959721045,True,|('Europe/Madrid',)|,,Huelva
+34950999162,True,|('Europe/Madrid',)|,,Almería
+34977241116,True,|('Europe/Madrid',)|,,Tarragona
+34933135106,True,|('Europe/Madrid',)|,,Barcelona
+34936811388,True,|('Europe/Madrid',)|,,Barcelona
+34963035264,True,|('Europe/Madrid',)|,,Valencia
+34948940838,True,|('Europe/Madrid',)|,,Navarre
+34965715524,True,|('Europe/Madrid',)|,,Alicante
+34968449460,True,|('Europe/Madrid',)|,,Murcia
+34916743323,True,|('Europe/Madrid',)|,,Madrid
+34942355105,True,|('Europe/Madrid',)|,,Cantabria
+34959577845,True,|('Europe/Madrid',)|,,Huelva
+34939701800,True,|('Europe/Madrid',)|,,Barcelona
+34961499857,True,|('Europe/Madrid',)|,,Valencia
+34920992140,True,|('Europe/Madrid',)|,,Ávila
+34923684026,True,|('Europe/Madrid',)|,,Salamanca
+34936822069,True,|('Europe/Madrid',)|,,Barcelona
+34945947846,True,|('Europe/Madrid',)|,,Araba
+34949282022,True,|('Europe/Madrid',)|,,Guadalajara
+34973654479,True,|('Europe/Madrid',)|,,Lleida
+34901380458,True,|('Atlantic/Canary', 'Europe/Madrid')|,,Spain
+34969412025,True,|('Europe/Madrid',)|,,Cuenca
+34918710125,True,|('Europe/Madrid',)|,,Madrid
+34984275697,True,|('Europe/Madrid',)|,,Asturias
+34971232031,True,|('Europe/Madrid',)|,,Balearic Islands
+34957781512,True,|('Europe/Madrid',)|,,Cordova
+34916641575,True,|('Europe/Madrid',)|,,Madrid
+34922000661,True,|('Atlantic/Canary',)|,,Tenerife
+34978176841,True,|('Europe/Madrid',)|,,Teruel
+34965191380,True,|('Europe/Madrid',)|,,Alicante
+34942125138,True,|('Europe/Madrid',)|,,Cantabria
+34952473289,True,|('Europe/Madrid',)|,,Málaga
+34939906741,True,|('Europe/Madrid',)|,,Barcelona
+34946569034,True,|('Europe/Madrid',)|,,Bizkaia
+34942948127,True,|('Europe/Madrid',)|,,Cantabria
+34920308695,True,|('Europe/Madrid',)|,,Ávila
+34981463705,True,|('Europe/Madrid',)|,,La Coruña
+34974737935,True,|('Europe/Madrid',)|,,Huesca
+34988368561,True,|('Europe/Madrid',)|,,Ourense
+34974069735,True,|('Europe/Madrid',)|,,Huesca
+34918512636,True,|('Europe/Madrid',)|,,Madrid
+34946903447,True,|('Europe/Madrid',)|,,Bizkaia
+34934244673,True,|('Europe/Madrid',)|,,Barcelona
+34948656356,True,|('Europe/Madrid',)|,,Navarre
+34952324357,True,|('Europe/Madrid',)|,,Málaga
+34910592524,True,|('Europe/Madrid',)|,,Madrid
+34985808255,True,|('Europe/Madrid',)|,,Asturias
+34902480777,True,|('Atlantic/Canary', 'Europe/Madrid')|,,Spain
+34928979132,True,|('Atlantic/Canary',)|,,Las Palmas
+34967712662,True,|('Europe/Madrid',)|,,Albacete
+34919072315,True,|('Europe/Madrid',)|,,Madrid
+34918747750,True,|('Europe/Madrid',)|,,Madrid
+34924282453,True,|('Europe/Madrid',)|,,Badajoz
+34916900903,True,|('Europe/Madrid',)|,,Madrid
+34916089460,True,|('Europe/Madrid',)|,,Madrid
+34943667515,True,|('Europe/Madrid',)|,,Guipúzcoa
+34902226530,True,|('Atlantic/Canary', 'Europe/Madrid')|,,Spain
+34956814984,True,|('Europe/Madrid',)|,,Cádiz
+34954844949,True,|('Europe/Madrid',)|,,Seville
+34946633270,True,|('Europe/Madrid',)|,,Bizkaia
+34971077831,True,|('Europe/Madrid',)|,,Balearic Islands
+34957758665,True,|('Europe/Madrid',)|,,Cordova
+34922303183,True,|('Atlantic/Canary',)|,,Tenerife
+34969495077,True,|('Europe/Madrid',)|,,Cuenca
+34963423125,True,|('Europe/Madrid',)|,,Valencia
+34943714497,True,|('Europe/Madrid',)|,,Guipúzcoa
+34922952390,True,|('Atlantic/Canary',)|,,Tenerife
+34902367075,True,|('Atlantic/Canary', 'Europe/Madrid')|,,Spain
+34943727835,True,|('Europe/Madrid',)|,,Guipúzcoa
+34968691820,True,|('Europe/Madrid',)|,,Murcia
+34975769419,True,|('Europe/Madrid',)|,,Soria
+34922131503,True,|('Atlantic/Canary',)|,,Tenerife
+34936229330,True,|('Europe/Madrid',)|,,Barcelona
+34931154997,True,|('Europe/Madrid',)|,,Barcelona
+34941539271,True,|('Europe/Madrid',)|,,La Rioja
+34915067076,True,|('Europe/Madrid',)|,,Madrid
+34946232209,True,|('Europe/Madrid',)|,,Bizkaia
+34939820804,True,|('Europe/Madrid',)|,,Barcelona
+34979922763,True,|('Europe/Madrid',)|,,Palencia
+34926280868,True,|('Europe/Madrid',)|,,Ciudad Real
+34920736050,True,|('Europe/Madrid',)|,,Ávila
+34934089932,True,|('Europe/Madrid',)|,,Barcelona
+34935171573,True,|('Europe/Madrid',)|,,Barcelona
+34969833667,True,|('Europe/Madrid',)|,,Cuenca
+34921644966,True,|('Europe/Madrid',)|,,Segovia
+34945853649,True,|('Europe/Madrid',)|,,Araba
+34973792053,True,|('Europe/Madrid',)|,,Lleida
+34983110619,True,|('Europe/Madrid',)|,,Valladolid
+34948740506,True,|('Europe/Madrid',)|,,Navarre
+34985549262,True,|('Europe/Madrid',)|,,Asturias
+34959360447,True,|('Europe/Madrid',)|,,Huelva
+34975875503,True,|('Europe/Madrid',)|,,Soria
+34977523714,True,|('Europe/Madrid',)|,,Tarragona
+34920842074,True,|('Europe/Madrid',)|,,Ávila
+34954250368,True,|('Europe/Madrid',)|,,Seville
+34944574264,True,|('Europe/Madrid',)|,,Bizkaia
+34919523558,True,|('Europe/Madrid',)|,,Madrid
+34938569168,True,|('Europe/Madrid',)|,,Barcelona
+34930716719,True,|('Europe/Madrid',)|,,Barcelona
+34979812237,True,|('Europe/Madrid',)|,,Palencia
+34921128744,True,|('Europe/Madrid',)|,,Segovia
+34949314723,True,|('Europe/Madrid',)|,,Guadalajara
+34960837825,True,|('Europe/Madrid',)|,,Valencia
+34985700422,True,|('Europe/Madrid',)|,,Asturias
+34942439361,True,|('Europe/Madrid',)|,,Cantabria
+34978153754,True,|('Europe/Madrid',)|,,Teruel
+34961318321,True,|('Europe/Madrid',)|,,Valencia
+34944547649,True,|('Europe/Madrid',)|,,Bizkaia
+34916302540,True,|('Europe/Madrid',)|,,Madrid
+34964405296,True,|('Europe/Madrid',)|,,Castellón
